id,food,title,title_img_url,servings,time,level,view_count
1 ,소떡강정,소떡강정 만드는 법 소떡소떡보다 만들기 쉬운 소떡강정레시피,https://recipe1.ezmember.co.kr/cache/recipe/2022/07/19/8d1cce0024f7ab704001602df86b70081.jpg,2 ,15 ,2 ,0
2 ,허니 버터 고구마,달달한게 생각날땐 허니 버터 고구마로.. 에프로 간단하게 만들어요~,https://recipe1.ezmember.co.kr/cache/recipe/2021/12/03/df3c7c2785745efa710cbcce215447811.jpg,3 ,30 ,1 ,0
3 ,고구마또띠아,[고구마또띠아]부드럽고 달달한 맛 ~ 아이들간식으로도 좋아요,https://recipe1.ezmember.co.kr/cache/recipe/2022/04/17/863bf29b060c81c338b997da9316df4f1.jpg,1 ,10 ,1 ,0
4 ,고구마치즈빵,화덕만두 느낌으로 프라이팬에 구워낸 고구마치즈빵,https://recipe1.ezmember.co.kr/cache/recipe/2022/07/12/af62a74e55ed404e388bfe23b38e27c31.jpg,4 ,60 ,1 ,0
5 ,마늘종 캔참치 볶음밥,마늘종 캔참치 볶음밥:마늘쫑 들어가기 전에 많이 먹어줘야죠,https://recipe1.ezmember.co.kr/cache/recipe/2022/05/23/fb4d077b2853f29894bb9096bd2973de1.jpg,4 ,20 ,1 ,0
6 ,새송이버섯간장버터구이,버섯으로 관자 느낌 내는 방법! 새송이버섯간장버터구이 만들기,https://recipe1.ezmember.co.kr/cache/recipe/2019/05/25/39ac1e73e998e88da300d38663242f0a1.jpg,1 ,15 ,1 ,0
7 ,칠리새우,칠리새우ㅣ쉬림프 박스 만들기,https://recipe1.ezmember.co.kr/cache/recipe/2018/07/17/7c94e88fca13cf73f8e0e473e02357e01.jpg,2 ,30 ,1 ,0
8 ,묵은지등갈비찜,#묵은지요리 #묵은지등갈비찜만들기 #돼지등갈비요리 #묵은지등갈비찜만드는법 #생강파채,https://recipe1.ezmember.co.kr/cache/recipe/2022/09/07/99b1d70cd81fbd12cf46a2e308a61ab51.jpg,6 ,90 ,1 ,0
9 ,봄동 된장무침,봄동 된장무침,https://recipe1.ezmember.co.kr/cache/recipe/2017/03/02/0be911fa88df72b74cf79b29e1ef38711.jpg,6 ,15 ,1 ,0
10 ,떡 베이컨 간장조림,달콤 짭조름♡ 떡 베이컨 간장조림♡,https://recipe1.ezmember.co.kr/cache/recipe/2016/02/16/d74c6731fce3dc72c5579b24083185f11.jpg,3 ,5 ,1 ,0
11 ,배추 된장 들깨무침,배추 된장 들깨무침,https://recipe1.ezmember.co.kr/cache/recipe/2015/07/24/2c6c4f254ed62c12403dc3b4acd1d6551.jpg,2 ,15 ,2 ,0
12 ,꽈리고추 햄볶음,【간단반찬】꽈리고추 햄볶음 만들기~,https://recipe1.ezmember.co.kr/cache/recipe/2018/03/22/779982ef4e8f9c32c472297e632789a91.jpg,3 ,10 ,1 ,0
13 ,팽이버섯 덮밥,♥[신혼밥상] 팽이버섯 덮밥,https://recipe1.ezmember.co.kr/cache/recipe/2020/06/03/4f573fef12f96ef7576c9d0f9603e1b51.jpg,1 ,10 ,1 ,0
14 ,베이컨 버섯볶음,간단하게 맛난 반찬 만들기 '베이컨 버섯볶음',https://recipe1.ezmember.co.kr/cache/recipe/2021/01/20/fe2043bd8a9471a57829286754cf21581.jpg,2 ,15 ,1 ,0
15 ,마늘종볶음,[마늘종볶음]단짠단짠 자꾸만 손이가요~,https://recipe1.ezmember.co.kr/cache/recipe/2021/04/28/b5b240a7490c8be73852f1a7563d352d1.jpg,3 ,20 ,1 ,0
16 ,부추 달걀 볶음,백종원의 부추 달걀 볶음,https://recipe1.ezmember.co.kr/cache/recipe/2018/06/27/bbc059c608dd01cfa43ebcb45c1882a81.jpg,2 ,15 ,1 ,0
17 ,소세지강정,#최애반찬#소세지강정,https://recipe1.ezmember.co.kr/cache/recipe/2020/05/18/2cad62498784efd2b97c0f80abebfcff1.jpg,2 ,20 ,2 ,0
18 ,시금치달걀볶음,볶아 먹는 시금치도 맛있다♪ 시금치달걀볶음,https://recipe1.ezmember.co.kr/cache/recipe/2018/07/09/9025fd8fdc716755317050bf74df79f91.JPG,4 ,15 ,1 ,0
19 ,상추겉절이,♥[신혼밥상] 5분 반찬 상추겉절이,https://recipe1.ezmember.co.kr/cache/recipe/2020/03/26/6d6107810146e718ca42320cef0833c01.jpg,2 ,5 ,1 ,0
20 ,새우숙주볶음,간단한 반찬 새우숙주볶음 맵지 않아서 아이들도 잘 먹어요.,https://recipe1.ezmember.co.kr/cache/recipe/2021/03/03/f308636e26ec3e5e3ede271565a964791.jpg,4 ,30 ,1 ,0
21 ,스팸 돈부리덮밥,스팸 돈부리덮밥!반찬이 필요없는 초간단 한그릇 요리,https://recipe1.ezmember.co.kr/cache/recipe/2018/10/08/1425b54008417baec4cf781ab54bc94c1.jpg,2 ,120 ,1 ,0
22 ,식빵딸기쨈파이,식빵요리 식빵딸기쨈파이 아이간식 에어프라이어요리,https://recipe1.ezmember.co.kr/cache/recipe/2022/04/05/c7b3ee319c5d650478453f7b29201bad1.jpg,1 ,10 ,2 ,0
23 ,팽이버섯 베이컨 볶음,팽이버섯 베이컨 볶음,https://recipe1.ezmember.co.kr/cache/recipe/2018/10/21/5a445b781e9c72a54afb51895eecf50a1.jpg,2 ,10 ,1 ,0
24 ,새우당면 덮밥,매콤하게 즐기는 새우당면 덮밥,https://recipe1.ezmember.co.kr/cache/recipe/2015/06/08/0d52cda0d7e6cb717a662f9cdbedb1c1.jpg,2 ,30 ,2 ,0
25 ,미니 새송이버섯 조림,미니 새송이버섯 조림,https://recipe1.ezmember.co.kr/cache/recipe/2018/11/02/f382bfc309ca19fa6c29507e871145671.jpg,6 ,30 ,1 ,0
26 ,두부시금치무침,두부시금치무침 이 레시피가 제일 맛있네요,https://recipe1.ezmember.co.kr/cache/recipe/2016/12/08/34ba5bf522b2964e97b70dcd5b62dcb31.jpg,3 ,15 ,1 ,0
27 ,메추리알조림,♥[신혼밥상] 10분 반찬! 메추리알조림,https://recipe1.ezmember.co.kr/cache/recipe/2019/07/24/c3e2a76338282c7a32cab50b4c5437b21.jpg,4 ,15 ,2 ,0
28 ,두반장파스타,짭조름하고 매콤한 두반장파스타,https://recipe1.ezmember.co.kr/cache/recipe/2021/10/26/9274c2a03ac24463dbe571a71f22fd791.jpg,1 ,20 ,1 ,0
29 ,화이트어니언,"피자, 치킨에 너무 잘어울리는 '화이트어니언'",https://recipe1.ezmember.co.kr/cache/recipe/2021/02/05/bc52298047c9bef6ea5056411fbef6a21.jpg,2 ,15 ,1 ,0
30 ,모닝빵콘치즈,모닝빵콘치즈 간단간식,https://recipe1.ezmember.co.kr/cache/recipe/2018/01/05/45b38a0a874f30a5eb35c177c27d359d1.jpg,2 ,30 ,1 ,0
31 ,오징어채,만물상에 소개된 불 없이 5분만에 만든 오징어채 황금 레시피!,https://recipe1.ezmember.co.kr/cache/recipe/2018/08/25/16869b3c1cee4e82141bb3abe90d0be21.jpg,2 ,5 ,1 ,0
32 ,팽이버섯조림,500원 이면 밥한끼~ 뚝딱하는 팽이버섯조림~ 너무 맛있어용^^~,https://recipe1.ezmember.co.kr/cache/recipe/2021/04/04/067529ead0761af2a8dbe1106e21bcd91.jpg,2 ,15 ,1 ,0
33 ,배추나물 무침,배추나물 무침 만드는법 다이어트 반찬,https://recipe1.ezmember.co.kr/cache/recipe/2019/04/10/784e5b98059c72fe8dc1a49d473e7f4e1.jpg,2 ,30 ,1 ,0
34 ,게맛살계란덮밥,게맛살계란덮밥 - 계란2개로 만드는 한끼식사,https://recipe1.ezmember.co.kr/cache/recipe/2021/03/01/f5582d275e393f924b86715fa797abfa1.jpg,1 ,30 ,1 ,0
35 ,마늘조림,"마늘조림, 건강한 밑반찬 애들이 더 좋아해요 ~",https://recipe1.ezmember.co.kr/cache/recipe/2017/08/16/00a72cb62367087565b0838c8afba9741.jpg,4 ,30 ,1 ,0
36 ,소시지양배추덮밥,♥[신혼밥상] 소시지양배추덮밥,https://recipe1.ezmember.co.kr/cache/recipe/2021/11/15/981772755d6217d427c8479fe7d4c7b01.jpg,2 ,20 ,2 ,0
37 ,돈까스김치나베,든든한 혼밥 돈까스김치나베,https://recipe1.ezmember.co.kr/cache/recipe/2019/09/17/e89c82b5021b89a91b3c37396ccbdd5c1.jpg,1 ,20 ,2 ,0
38 ,황태강정,자꾸 손이가는 황태강정이 치킨강정같아요~ 황태강정,https://recipe1.ezmember.co.kr/cache/recipe/2016/08/18/553609859fa7bd3dd22bfab08fddec9b1.jpg,2 ,30 ,1 ,0
39 ,파프리카버섯볶음,초간단 밑반찬 파프리카버섯볶음 굴소스가 포인트,https://recipe1.ezmember.co.kr/cache/recipe/2018/07/12/211a169445837d4f72ab65c370acd4e61.jpg,4 ,10 ,1 ,0
40 ,닭고기 덮밥,쫄깃한 닭다리살로 오야꼬동(일본식 닭고기 덮밥) 만들기!,https://recipe1.ezmember.co.kr/cache/recipe/2022/05/19/8440c6769a72084d0da82386fd9cffcf1.jpg,2 ,15 ,2 ,0
41 ,청포묵무침,청포묵무침 간단하게 아이들 반찬으로 최고,https://recipe1.ezmember.co.kr/cache/recipe/2019/01/26/e5032b2c1001c6cb5b05757b1fab77b11.jpg,2 ,15 ,1 ,0
42 ,닭고기 냉채,톡 쏘는 맛이 매력인 새콤달콤 닭고기 냉채 : 더워서 입맛 없을 때 무조건 이 메뉴!,https://recipe1.ezmember.co.kr/cache/recipe/2021/05/20/e8b97435ea177a627fc46312cd6c9f501.jpg,1 ,10 ,1 ,0
43 ,오이토마토무침,고소하고 상큼한 일본식 오이토마토무침,https://recipe1.ezmember.co.kr/cache/recipe/2020/04/09/76706e4c14cfa819139505369b55425d1.jpg,2 ,20 ,1 ,0
44 ,버터갈릭새우,간단한 술안주로 최고인 버터갈릭새우 만들기,https://recipe1.ezmember.co.kr/cache/recipe/2019/09/10/ceb6aad8259b5dde6ea5bfc9a76957591.jpg,2 ,15 ,1 ,0
45 ,팽이버섯덮밥,"팽이버섯덮밥:초초초간단 그러나, 더 없이 훌륭한 한끼",https://recipe1.ezmember.co.kr/cache/recipe/2016/01/26/793d64f053cd6e3be138ca8cbbaed8f01.jpg,2 ,10 ,1 ,0
46 ,닭가슴살 갈비구이,닭가슴살 갈비구이,https://recipe1.ezmember.co.kr/cache/recipe/2016/08/17/d9bdc5d413a5ecac7a8f8ff8ce8edf0b1.jpg,1 ,30 ,1 ,0
47 ,목살 양념구이,즉석 목살 양념구이~ 달큰한 양념소스가 정말 맛있습니다.,https://recipe1.ezmember.co.kr/cache/recipe/2020/02/01/c559f7fe91e19d4d9fbe0d7e88e768fa1.jpg,2 ,20 ,2 ,0
48 ,가지탕수,특제소스로 만든 가지탕수 아이도 잘 먹어요!,https://recipe1.ezmember.co.kr/cache/recipe/2017/08/17/e0fa9b1d251b507741a67cc91a9d2ac71.jpg,3 ,30 ,3 ,0
49 ,베이컨 덮밥,"달콤 짭짤 고소, 입맛을 사로 잡는 '베이컨 덮밥'",https://recipe1.ezmember.co.kr/cache/recipe/2020/12/12/5900b8818b79c4c11bf88b286aa091881.jpg,1 ,15 ,1 ,0
50 ,돌나물사과무침,돌나물사과무침 l 아삭한 사과와 돌나물로 만든 간단 반찬 레시피 ★,https://recipe1.ezmember.co.kr/cache/recipe/2020/01/21/4d15d0da42c194a37166dc41f4e7825d1.jpg,2 ,10 ,1 ,0
51 ,연두부반찬,초간단 연두부반찬,https://recipe1.ezmember.co.kr/cache/recipe/2015/09/13/1a2d27dc33295f34df4e4bed6e6ed3ac1.jpg,1 ,5 ,1 ,0
52 ,양파덮밥,백종원 양파덮밥 간단하고 맛있는 한그릇요리,https://recipe1.ezmember.co.kr/cache/recipe/2018/05/04/ffa09dc859949865952eddb6da59390c1.jpg,2 ,15 ,1 ,0
53 ,돼지고기 덮밥,부타동 : 일본식 돼지고기 덮밥 간단한 점심 메뉴로 굿!,https://recipe1.ezmember.co.kr/cache/recipe/2018/12/17/50be1cadb80ac917f3bb3ecd63c8ada31.jpg,1 ,30 ,2 ,0
54 ,맛살 볶음,휘리릭~ 초 간단 맛살 볶음,https://recipe1.ezmember.co.kr/cache/recipe/2020/03/15/d2df00abb5327324e5a1d491084459561.jpg,2 ,10 ,1 ,0
55 ,계란후라이,들기름 계란후라이,https://recipe1.ezmember.co.kr/cache/recipe/2022/07/31/4be335a98924ea053286afab698fc2161.jpg,2 ,5 ,1 ,0
56 ,가지등심카나페,가지등심카나페,https://recipe1.ezmember.co.kr/cache/recipe/2016/07/03/55ce405cb26f4daf70cbd7354715289d1.jpg,2 ,15 ,2 ,0
57 ,참치 감자 조림,참치 감자 조림,https://recipe1.ezmember.co.kr/cache/recipe/2017/12/01/feade6e0d3abac9c8db721a6db408c6b1.jpg,3 ,30 ,1 ,0
58 ,돼지고기마늘조림,돼지고기마늘조림 # 밥위에 쓱쓱,https://recipe1.ezmember.co.kr/cache/recipe/2016/02/19/a80d0bb04ffc500c2c91b40606d44c111.jpg,2 ,30 ,1 ,0
59 ,딸기잼 롤,딸기잼 롤,https://recipe1.ezmember.co.kr/cache/recipe/2015/08/02/2a63ade5aad6e00b0d46a341ccfe19bf1.jpg,1 ,30 ,1 ,0
60 ,매운 어묵,"매운 어묵만들기, 빨간어묵 만들기~ 제대로된 매운어묵 양념장!! 이거 하나면 간식 안주 반찬!! 끝!!",https://recipe1.ezmember.co.kr/cache/recipe/2020/10/20/72737d4f3fbd6376f9fbfdb00275e40e1.jpg,2 ,20 ,1 ,0
61 ,매운 어묵 비빔밥,다른 반찬이 필요없는 매운 어묵 비빔밥~*,https://recipe1.ezmember.co.kr/cache/recipe/2017/03/29/cee70f9835e0221d85d634cce75674721.jpg,2 ,15 ,1 ,0
62 ,갈릭버터치즈피자,오븐없이 만드는 갈릭버터치즈피자,https://recipe1.ezmember.co.kr/cache/recipe/2016/07/26/bb452348200ecc2b5a451191632907e71.jpg,2 ,10 ,1 ,0
63 ,버섯채소구이,오늘 저녁은 채식위주로??? 에어프라이어표 버섯채소구이 ★,https://recipe1.ezmember.co.kr/cache/recipe/2019/08/23/dde5c3f44d10f5f8f55ac6fb181388ce1.jpg,3 ,20 ,2 ,0
64 ,차돌박이 파스타,차돌박이 파스타,https://recipe1.ezmember.co.kr/cache/recipe/2015/05/05/f898a7e9e03e179c2c6b7ad65fd946321.jpg,1 ,30 ,2 ,0
65 ,가지 스테이크,건강 가지를 스테이크로 즐겨요.,https://recipe1.ezmember.co.kr/cache/recipe/2016/05/03/032f72b4e96c4b62277277a1dea047981.jpg,4 ,30 ,1 ,0
66 ,부추잡채,"꽃빵과 함께 먹으면 딱 좋은 중화풍요리, 부추잡채",https://recipe1.ezmember.co.kr/cache/recipe/2022/08/17/7d53927377185062150d9ba0ee6a0cd51.jpg,3 ,20 ,1 ,0
67 ,시금치양파계란볶음,쉽고간단한 시금치양파계란볶음!,https://recipe1.ezmember.co.kr/cache/recipe/2019/12/27/258f7b445277ce15104c5a59ca2563501.jpg,2 ,10 ,1 ,0
68 ,베이컨떡꼬치,베이컨떡꼬치,https://recipe1.ezmember.co.kr/cache/recipe/2015/06/08/4f5407219edb59ff69b9067672cfa380.jpg,2 ,15 ,2 ,0
69 ,닭봉간장조림,닭봉간장조림~ 십년째 만들어 먹는 양념 공유해요!,https://recipe1.ezmember.co.kr/cache/recipe/2020/08/28/c37e0db0e0386d453eda2be45e26b9c01.jpg,2 ,60 ,1 ,0
70 ,아몬드초코칩쿠키,♥[신혼밥상] 아몬드초코칩쿠기,https://recipe1.ezmember.co.kr/cache/recipe/2020/02/05/45cafda15a792a96993608aaaf8e7d901.jpg,2 ,30 ,2 ,0
71 ,소고기버섯볶음,아이반찬 초스피드반찬 소고기버섯볶음 만드는법 간단반찬레시피,https://recipe1.ezmember.co.kr/cache/recipe/2022/04/17/49b9c8bcf4907926e71922b22c9570451.jpg,2 ,10 ,2 ,0
72 ,달걀만두,[유아식]당면을 넣어 만든 달걀만두,https://recipe1.ezmember.co.kr/cache/recipe/2022/08/05/5bcd7b14e9407c287f09988abd54cc8d1.jpg,1 ,60 ,2 ,0
73 ,순두부찜,순두부찜 (다이어트음식에 아주 좋은 순두부요리),https://recipe1.ezmember.co.kr/cache/recipe/2022/03/02/6b7004cb211e4a6e2e737a82efda24d21.jpg,3 ,10 ,2 ,0
74 ,고등어 강정,매콤 바삭 달콤 고등어 강정,https://recipe1.ezmember.co.kr/cache/recipe/2019/07/29/5a48cfef844b0882baf6377537ec3e001.jpg,2 ,15 ,2 ,0
75 ,무초절임,"고깃집 무초절임, 밥상을 든든히 채워주는 밑반찬",https://recipe1.ezmember.co.kr/cache/recipe/2019/01/17/1b22982ef45e44a760020e151927f4f21.jpg,6 ,10 ,1 ,0
76 ,두부볶음,쫄깃하고 맛있는 두부볶음 레시피!다이어트 요리로도 좋아요,https://recipe1.ezmember.co.kr/cache/recipe/2018/09/10/52e034a51820107820b9e3aba28717bd1.jpg,2 ,30 ,2 ,0
77 ,새우두부전,영유아반찬 고소하고 담백한 겉바속촉 새우두부전!!! 어른 반찬으로도 취향 저격!,https://recipe1.ezmember.co.kr/cache/recipe/2022/05/25/3f1e6d3fccb87dd91b77f7c06f1947391.jpg,3 ,30 ,2 ,0
78 ,들기름계란후라이,고소함이 남다른 백종원 '들기름계란후라이'초간단 레시피,https://recipe1.ezmember.co.kr/cache/recipe/2018/10/21/908b60f6bd193e12eef66238ec166a5f1.jpg,2 ,10 ,1 ,0
79 ,크림소스 치킨스테이크,영화속요리 10탄 줄리앤줄리아 속 크림소스 치킨스테이크,https://recipe1.ezmember.co.kr/cache/recipe/2017/09/21/f18eb5188eec99631c502d61667ff5941.jpg,1 ,30 ,1 ,0
80 ,깻잎두부구이,초간단 깻잎두부구이,https://recipe1.ezmember.co.kr/cache/recipe/2017/01/09/8831d7e8ddde5e72073a079708cf64d31.jpg,2 ,30 ,1 ,0
81 ,표고버섯달걀죽,표고버섯달걀죽 - 아침식사로 좋으네 달걀죽,https://recipe1.ezmember.co.kr/cache/recipe/2016/09/28/157b854b882f1d91780e8b7893a379e61.jpg,1 ,30 ,1 ,0
82 ,갈릭 닭가슴살버섯볶음,갈릭 닭가슴살버섯볶음,https://recipe1.ezmember.co.kr/cache/recipe/2016/01/15/b00ba818099e92d6a36a10c694c141751.jpg,2 ,30 ,2 ,0
83 ,식빵팝콘,"카라멜 입힌 식빵팝콘 레시피, 홈극장 별미",https://recipe1.ezmember.co.kr/cache/recipe/2018/10/12/9eb2e16defe757f67e7449fe84570fc01.jpg,2 ,10 ,1 ,0
84 ,카레닭구이,바삭한 카레닭구이,https://recipe1.ezmember.co.kr/cache/recipe/2015/06/03/fdb40ab5e54261a384f39532a3513c021.jpg,2 ,30 ,2 ,0
85 ,파프리카달걀볶음,파프리카달걀볶음:초간단 저탄고지 다이어트 단백질식사,https://recipe1.ezmember.co.kr/cache/recipe/2021/10/06/36cb806316fc9049dfe091d61f9f5bd21.jpg,1 ,10 ,1 ,0
86 ,닭꼬치,[간단 자취요리] 혼술 안주 생성! 닭꼬치 만들기,https://recipe1.ezmember.co.kr/cache/recipe/2017/03/31/7b6d48c2da3fcc6313d965c1c2b3a6481.jpg,3 ,30 ,1 ,0
87 ,돼지고기목살꼬치,돼지고기목살꼬치 아이간식과 남편 술안주로 딱이야~,https://recipe1.ezmember.co.kr/cache/recipe/2019/01/02/649b7166cddd374b7dcdfd52fd75f0f81.jpg,2 ,20 ,2 ,0
88 ,나시고랭 볶음밥,나시고랭 :)숙주로 간단한 나시고랭 볶음밥,https://recipe1.ezmember.co.kr/cache/recipe/2019/03/04/ff1d70c8d640f4598f55d6ba9df987b91.jpg,2 ,30 ,2 ,0
89 ,양송이 버섯 덮밥,간단하게~ 양송이 버섯 덮밥,https://recipe1.ezmember.co.kr/cache/recipe/2018/02/01/7518b72bfc4fc06d05cdc72986709c721.jpg,4 ,30 ,1 ,0
90 ,숙주새우달걀볶음,[반찬] 숙주새우달걀볶음,https://recipe1.ezmember.co.kr/cache/recipe/2016/05/10/5d7b179b1126968b574cd08aa1f185721.jpg,2 ,15 ,1 ,0
91 ,삼색소보로덮밥,간단한 한끼식사ㅡ 삼색소보로덮밥,https://recipe1.ezmember.co.kr/cache/recipe/2018/07/18/50012e62f8ef8e7f468536d4611926941.jpg,2 ,15 ,2 ,0
92 ,닭가슴살냉채,닭가슴살냉채 겨자소스넣어 시원하게 먹어요,https://recipe1.ezmember.co.kr/cache/recipe/2021/07/27/538a11175c957b9cbc100676e52a5d271.jpg,2 ,20 ,1 ,0
93 ,양송이버섯 타파스,모양까지 예쁜 핑거푸드[양송이버섯 타파스],https://recipe1.ezmember.co.kr/cache/recipe/2019/01/11/c0a7cb14f6e026cd135c5a9ddf65b8be1.jpg,3 ,20 ,2 ,0
94 ,떡꼬치,떡꼬치 만들기,https://recipe1.ezmember.co.kr/cache/recipe/2016/08/09/500316fab5981bf25bb405cc660267e91.jpg,2 ,30 ,1 ,0
95 ,애호박덮밥,딱 10분이면 완성! 초간단 애호박덮밥,https://recipe1.ezmember.co.kr/cache/recipe/2018/04/02/66156603476fcaebb89569b4593758ed1.jpg,1 ,10 ,1 ,0
96 ,돈까스김치나베,"돈까스김치나베, 냉동 돈까스 요리, 한그릇메뉴",https://recipe1.ezmember.co.kr/cache/recipe/2022/07/13/caa9585af00c81b0bfdb5dcf2e57de631.jpg,3 ,30 ,1 ,0
97 ,치즈감자,재료도 방법도 초간단! 떠먹는 치즈감자,https://recipe1.ezmember.co.kr/cache/recipe/2019/04/18/e8f27404007d739404a1329973aacaba1.jpg,2 ,20 ,1 ,0
98 ,콘치즈파이,톡톡 터지는 고소함!콘치즈파이 초간단 레시피,https://recipe1.ezmember.co.kr/cache/recipe/2018/11/22/22f1f7b08f72d759186671d89472b45f1.jpg,1 ,15 ,1 ,0
99 ,또띠아마늘칩,또띠아마늘칩 -10분이면 가능 또띠아칩 #간단간식,https://recipe1.ezmember.co.kr/cache/recipe/2016/11/13/fbceba7b97dbc06754596ed2dbfb34181.jpg,2 ,10 ,1 ,0
100 ,허니버터 고구마,에어프라이어로 달콤한 허니버터 고구마 만들기,https://recipe1.ezmember.co.kr/cache/recipe/2019/05/07/59c2be1a139ada5c6c028db4e419eebb1.jpg,1 ,30 ,1 ,0
101 ,감자떡,쫀득쫀득 일본식 감자떡 '이모모찌' 만들기,https://recipe1.ezmember.co.kr/cache/recipe/2018/03/23/f02d9781faae375a9ddff8c9b91b69bb1.jpg,1 ,90 ,1 ,0
102 ,햄치즈빵,노오븐 베이킹/햄치즈빵 : 간단한 간식 만들기,https://recipe1.ezmember.co.kr/cache/recipe/2016/11/10/d9a682da8a2b69828c11d950233998f21.jpg,1 ,10 ,2 ,0
103 ,난자완스,하찮은 냉동미니돈까스에서 고오급 난자완스 만들기,https://recipe1.ezmember.co.kr/cache/recipe/2019/11/27/189ba21e7cf907b6d1d68f09e595b5641.jpg,2 ,20 ,2 ,0
104 ,스팸 아코디언,"스팸 에어프라이어 요리 , 집에서 간단한 맥주안주 스팸 아코디언 만드는법",https://recipe1.ezmember.co.kr/cache/recipe/2022/04/06/721a99e0821c20a51b756921b79ee78c1.jpg,2 ,30 ,1 ,0
105 ,카레두부구이,카레두부구이. 아이반찬으로 좋아요.,https://recipe1.ezmember.co.kr/cache/recipe/2017/08/20/940f3948fb5a3eb1d8906c95061210f31.jpg,4 ,15 ,1 ,0
106 ,항정살 된장구이 샐러드,항정살 된장구이 쌈 아니고 샐러드로 품격있게!,https://recipe1.ezmember.co.kr/cache/recipe/2016/06/02/4653713dadeabb48dcd4787a83cba9ee1.jpg,2 ,60 ,1 ,0
107 ,스팸 양파덮밥,스팸 양파덮밥/스팸 돈부리,https://recipe1.ezmember.co.kr/cache/recipe/2018/06/27/ac1dbf84e93bba27a9e1c21597fab7e41.jpg,1 ,10 ,2 ,0
108 ,고구마 닭볶음,고구마 닭볶음 단짠의 케미 맥주안주!,https://recipe1.ezmember.co.kr/cache/recipe/2017/03/24/d7a5cc1c8438447eeea3c2c9c2fe26161.jpg,1 ,60 ,2 ,0
109 ,떠먹는 떡꼬치,떠먹는 떡꼬치 - 때론 떡피자 또는 떡꼬치 새콤 달콤,https://recipe1.ezmember.co.kr/cache/recipe/2016/08/08/b3fc330bba013a8c0f8798d3b6f7e9431.jpg,2 ,30 ,1 ,0
110 ,소고기두부볶음,소고기두부볶음 - 아이들 반찬/이유식 반찬으로도 최고죠~옛생각이 절로...,https://recipe1.ezmember.co.kr/cache/recipe/2016/08/20/2146c8ef816630adcab6633818b3e4de1.jpg,3 ,30 ,2 ,0
111 ,참치 스테이크,[간단 자취요리] 비주얼 끝장판!! 참치 스테이크 만들기,https://recipe1.ezmember.co.kr/cache/recipe/2017/04/14/8044c7b3de1b62dfdb50c68f37262be31.jpg,1 ,30 ,1 ,0
112 ,소시지 피자,에어프라이어 소시지 피자,https://recipe1.ezmember.co.kr/cache/recipe/2019/05/21/52ec68320e673157a36e0bdce94f89561.jpg,2 ,10 ,1 ,0
113 ,두부요리,구워먹는 두부요리 에어프라이어요리,https://recipe1.ezmember.co.kr/cache/recipe/2021/05/09/5c094213de089bcc1f1574ec7d3b007b1.jpg,2 ,30 ,1 ,0
114 ,달걀 숙주볶음,달걀(계란) 숙주볶음 : 초간단 반찬 겸 술안주,https://recipe1.ezmember.co.kr/cache/recipe/2018/01/07/13243ce920b478bd71534948e19848a91.jpg,2 ,10 ,1 ,0
115 ,메추리알볶음,자취생 간단요리<메추리알볶음>,https://recipe1.ezmember.co.kr/cache/recipe/2018/09/01/9b54fc4b120dd9acb68c0c7c37d759111.jpg,3 ,30 ,2 ,0
116 ,통오징어 양념구이,【우리집 인기반찬】 맛보장 통오징어 양념구이 진짜 맛있어요 ! (밥안먹는 4살 아이 반찬 & 술안주),https://recipe1.ezmember.co.kr/cache/recipe/2018/04/20/49b40436a2e5fec4f2a8474a122e10201.jpg,4 ,15 ,3 ,0
117 ,가지덮밥,일본풍 가지덮밥,https://recipe1.ezmember.co.kr/cache/recipe/2015/06/15/58e91146070dace05c5a8cae64a352961.jpg,1 ,15 ,2 ,0
118 ,피카츄돈까스,추억의 간식 피카츄돈까스 치킨너겟으로 그 맛을 재연하다,https://recipe1.ezmember.co.kr/cache/recipe/2016/11/24/b965ca40798d07748deefbb065df11b01.jpg,1 ,15 ,1 ,0
119 ,밥피자,No밀가루!속이 편안 밥피자 만들기,https://recipe1.ezmember.co.kr/cache/recipe/2018/09/04/7149b06d432481e2fa5f2cbd8456181b1.jpg,2 ,30 ,1 ,0
120 ,소세지빵,호떡믹스 소세지빵 에어프라이어로 집에서 만드세요,https://recipe1.ezmember.co.kr/cache/recipe/2021/03/10/16e8fbcb4ac56828ce1818f8df6ce9d81.jpg,6 ,60 ,3 ,0
121 ,버터구이감자,"간단하게 해먹는 간식 휴게소감자, 버터구이감자",https://recipe1.ezmember.co.kr/cache/recipe/2016/11/03/8e424bf0c76ede2466c264d630c1c97f1.jpg,2 ,15 ,2 ,0
122 ,새송이버섯요리,새송이버섯요리,https://recipe1.ezmember.co.kr/cache/recipe/2019/06/29/55becdd3db27820264e86d584d57f6141.jpg,2 ,60 ,1 ,0
123 ,감자볶음,간단 반찬-아이 반찬으로 좋은 감자볶음,https://recipe1.ezmember.co.kr/cache/recipe/2017/08/17/5d22ca7fdd032ba2d35200962c530bdb1.jpg,3 ,30 ,1 ,0
124 ,부추베이컨말이,부추베이컨말이,https://recipe1.ezmember.co.kr/cache/recipe/2015/08/15/2e35349d4ca6d65611bab97efeec7a621.jpg,2 ,15 ,2 ,0
125 ,부추달걀볶음,부추달걀볶음 간단한데 맛있지,https://recipe1.ezmember.co.kr/cache/recipe/2022/06/27/e9d0f0723ef623b72162fd807026bac21.jpg,2 ,5 ,1 ,0
126 ,계란덮밥,게살 텐신항:중국식?일본식? 어쨌든 초간단! 계란덮밥,https://recipe1.ezmember.co.kr/cache/recipe/2015/12/08/4c0e6eef4d85dde6b34a5d1228cd09961.jpg,1 ,15 ,2 ,0
127 ,골뱅이마늘볶음,(집에서 즐기는 술안주) 골뱅이볶음 / 골뱅이마늘볶음 - 골뱅이 요리,https://recipe1.ezmember.co.kr/cache/recipe/2018/10/07/4cc5d8fad527e148e52cd25d01afbdcb1.jpg,2 ,60 ,2 ,0
128 ,연두부 샐러드,연두부 샐러드,https://recipe1.ezmember.co.kr/cache/recipe/2016/01/28/4e4610ee9171513894d19d80b8c8aaea1.jpg,4 ,5 ,1 ,0
129 ,깐풍만두,중식의 대가 이연복 쉐프 깐풍만두 초간단 레시피,https://recipe1.ezmember.co.kr/cache/recipe/2018/12/18/a144910bd4279905bdd20e40ae7ef3e11.jpg,1 ,15 ,1 ,0
130 ,목살간장볶음,목살간장볶음 갈비처럼 야들야들,https://recipe1.ezmember.co.kr/cache/recipe/2016/07/11/c29bb9e5c7aaa5b64dc7e9eefef5277a1.jpg,3 ,60 ,2 ,0
131 ,새우탕,새우살로 만드는 얼큰한 새우탕 만들기,https://recipe1.ezmember.co.kr/cache/recipe/2018/12/20/4397bb9597252fa1429877098943890c1.jpg,2 ,60 ,1 ,0
132 ,참치감자조림,저녁반찬 없을때 후다닥 참치감자조림,https://recipe1.ezmember.co.kr/cache/recipe/2018/07/18/d65a465ab4b6dc2bacd48eecb70f5e5e1.jpg,2 ,10 ,1 ,0
133 ,삼겹살덮밥,업그레이드 삼겹살덮밥,https://recipe1.ezmember.co.kr/cache/recipe/2018/11/10/4062272ccd376327e1c659cfccce43e31.jpg,2 ,15 ,2 ,0
134 ,굴소스 두부덮밥,초간단 굴소스 두부덮밥,https://recipe1.ezmember.co.kr/cache/recipe/2021/09/20/7fe53dcfcce26ffb1f66c223cd8c1a2b1.jpg,1 ,15 ,1 ,0
135 ,마늘 꿀조림,매운맛 쏙 마늘 꿀조림 만들기,https://recipe1.ezmember.co.kr/cache/recipe/2019/04/13/1bd0a756ce6621fbf3711739980726b61.jpg,2 ,30 ,1 ,0
136 ,파강회,정성가득 파강회 만들기,https://recipe1.ezmember.co.kr/cache/recipe/2021/03/27/7c5ab6564495510e0a0b95daafe8ce841.jpg,4 ,60 ,1 ,0
137 ,두부 덮밥,일본식 두부 덮밥 두부 소보로동 만들기,https://recipe1.ezmember.co.kr/cache/recipe/2015/06/18/4536f2df3fb648d86c2aafc05cd077a11.jpg,1 ,30 ,3 ,0
138 ,삼겹깐풍덮밥,삼겹깐풍덮밥 : 비 오는 날에 생각나는 삼겹살!!!! 실패없는 깐풍소스로 덮밥만들기 ♥,https://recipe1.ezmember.co.kr/cache/recipe/2020/06/30/d77f639c047a6cf6d5afb463d9d210ce1.jpg,2 ,30 ,2 ,0
139 ,수란마요밥,녹네 녹아.. 전자렌지 1분 30초 컷. 고소 짭짤 수란마요밥 만들기,https://recipe1.ezmember.co.kr/cache/recipe/2018/11/05/3ad58336218c24351e8ca6f08b7790111.jpg,1 ,5 ,1 ,0
140 ,버섯 깐풍,버섯요리/조금 색다르게 만들어 먹는 버섯 깐풍,https://recipe1.ezmember.co.kr/cache/recipe/2017/12/08/91a64b288e91260e8d8cc5d52e366c2c1.jpg,3 ,30 ,2 ,0
141 ,간장두부덮밥,#HACCP#간장두부덮밥,https://recipe1.ezmember.co.kr/cache/recipe/2021/10/19/af0715e3c8d4169b64baecebe42a09131.jpg,2 ,20 ,2 ,0
142 ,소시지 감자조림,최애반찬 소시지 감자조림,https://recipe1.ezmember.co.kr/cache/recipe/2020/05/19/9fb4cf31154f7175bcee4901f886444a1.jpg,3 ,10 ,2 ,0
143 ,청경채 돼지볶음,기름 없이 볶아 다이어트에 좋은 중국식 청경채 돼지볶음,https://recipe1.ezmember.co.kr/cache/recipe/2019/04/14/67b39b7159fa14c51042fe0674e7399f1.jpg,1 ,10 ,1 ,0
144 ,양파알새우덮밥,양파알새우덮밥만들기,https://recipe1.ezmember.co.kr/cache/recipe/2016/03/01/9f47a9f273578ec67dfad5d166cd2efc1.jpg,1 ,15 ,1 ,0
145 ,목살된장구이,"목살된장구이 만들기, 덮밥으로 먹어도 굿!",https://recipe1.ezmember.co.kr/cache/recipe/2020/09/16/5ca3acd9ceb6c4754ba66c05c9570a831.jpg,2 ,30 ,2 ,0
146 ,참치계란간장밥,바쁜 아침 5분 뚝딱 !맛보장 '참치계란간장밥'레시피,https://recipe1.ezmember.co.kr/cache/recipe/2018/08/22/ed4298f7c819d1e00986c53c6b5e3e0f1.jpg,1 ,5 ,1 ,0
147 ,두부탕수,[간단 자취요리] 두부를 쫄깃한 고기식감으로 만들기! 두부탕수 만들기,https://recipe1.ezmember.co.kr/cache/recipe/2017/11/14/ad85ee77d35f69c4420f32565f11ecd71.jpg,1 ,15 ,1 ,0
148 ,킨피라,"일본식 우엉,당근 볶음 '킨피라'",https://recipe1.ezmember.co.kr/cache/recipe/2020/05/16/7b6b434d96aa6fd8136bd27096278c1c1.jpg,3 ,30 ,2 ,0
149 ,간장파스타,간단하지만 중독성있게맛있는 간장파스타,https://recipe1.ezmember.co.kr/cache/recipe/2015/09/11/8e3599561387b3bdafb9e99864cc4df01.jpg,1 ,30 ,1 ,0
150 ,컵피자,냉파요리로 좋은 5분완성 떠먹는 컵피자 만들기,https://recipe1.ezmember.co.kr/cache/recipe/2018/08/27/b7536d6fe48c3806575a472e42e4e7181.jpg,1 ,5 ,1 ,0
151 ,어묵 양배추 볶음밥,쫀득하고 아삭한 식감이 좋은 어묵 양배추 볶음밥 만들기,https://recipe1.ezmember.co.kr/cache/recipe/2022/07/24/2f5a59c27e75fb85f8a17a734460bc4f1.jpg,1 ,20 ,2 ,0
152 ,깻잎찜,전자레인지 깻잎찜. 2분 돌려 완성하는 초간단반찬.,https://recipe1.ezmember.co.kr/cache/recipe/2018/05/18/b0fc897704b64174ec5e0bcd56c7dc761.jpg,6 ,15 ,1 ,0
153 ,메추리알 곤약,메추리알은 곤약 하고 졸여야~ 맛있어용~ 쫀득쫀득 곤약이 일품~,https://recipe1.ezmember.co.kr/cache/recipe/2021/03/18/fec04e98eb62b482b03aecc87de6cbcf1.jpg,6 ,20 ,1 ,0
154 ,계란말이케이크,계란말이케이크,https://recipe1.ezmember.co.kr/cache/recipe/2020/07/30/502d93d3dbdf55a58a1d0f078dc32c771.jpg,3 ,20 ,3 ,0
155 ,청경채 된장무침,<찌망 요리레시피> 간단한 청경채 된장무침!,https://recipe1.ezmember.co.kr/cache/recipe/2018/12/14/6ac1ecd65ac017a64626156691645eb81.jpg,3 ,10 ,1 ,0
156 ,새우어묵,★쫀득쫀득 새우어묵★ 새우와 야채만 들어간 새우어묵입니다~,https://recipe1.ezmember.co.kr/cache/recipe/2020/10/04/d49e1d923c61e71a834cae1a9a5288ce1.jpg,2 ,60 ,2 ,0
157 ,치즈밥,부드럽고 먹기 좋은 닭다리살 치즈밥,https://recipe1.ezmember.co.kr/cache/recipe/2017/03/23/ee2687e1f51b7fad5084dd447b13d5c91.jpg,1 ,30 ,2 ,0
158 ,동파육,외국 불로그에서도 대박난 특별한 맛의 중국요리 동파육.,https://recipe1.ezmember.co.kr/cache/recipe/2017/03/17/5555cd2751c3676f5507f60b2a3d10141.jpg,4 ,90 ,3 ,0
159 ,떡 맛탕,"[얌무진 레시피] 쫀득쫀득, 바삭, 달콤! 떡 맛탕 만들기",https://recipe1.ezmember.co.kr/cache/recipe/2018/03/28/7ca2a174822e92069536014f7e8518511.jpg,1 ,10 ,1 ,0
160 ,닭가슴살 깻잎볶음,다이어트 할때는 닭가슴살 깻잎볶음 .,https://recipe1.ezmember.co.kr/cache/recipe/2016/03/07/e8e6636563df149801fc0d0168d6fd411.jpg,2 ,30 ,1 ,0
161 ,달걀버거,"빵 대신 에그번 ♥ 햄버거로 다이어트 가능한 "" 달걀버거 "" 만들기",https://recipe1.ezmember.co.kr/cache/recipe/2021/02/16/61153bf7816901787cdb5558a3d8e1801.jpg,3 ,30 ,1 ,0
162 ,오이크래미무침,오이크래미무침 연겨자없이 가스불없이 상큼 아삭 새콤~,https://recipe1.ezmember.co.kr/cache/recipe/2022/07/26/8daa7af82fa05c838939d67f3dc7402f1.jpg,2 ,10 ,1 ,0
163 ,유린기,유린기♡중국 닭가슴살 튀김요리가 맛있다해^^,https://recipe1.ezmember.co.kr/cache/recipe/2018/11/10/d0881f710b5d7f5c2ce3343b654ce7a01.jpg,4 ,60 ,3 ,0
164 ,닭가슴살꼬치,"[다이어트요리] 에어프라이어에 맛있게 구운 ""닭가슴살꼬치""♪",https://recipe1.ezmember.co.kr/cache/recipe/2021/04/17/7ef6c26cf34b49f7f298ed22fab485b81.jpg,2 ,30 ,1 ,0
165 ,들깨두부볶음,"#간단한반찬, 고소함 터지는 들깨두부볶음",https://recipe1.ezmember.co.kr/cache/recipe/2019/10/10/4f6965424396369346b9279f1c16e6721.jpg,2 ,10 ,1 ,0
166 ,고기완자,아빠 & 아이를 위한 고기완자,https://recipe1.ezmember.co.kr/cache/recipe/2021/11/03/aad6444adaa05c0a600b450b4bb122c41.jpg,2 ,60 ,2 ,0
167 ,연두부,연두부와 어린새싹,https://recipe1.ezmember.co.kr/cache/recipe/2019/06/20/adb6a9ac404e57012a0e153acb5427a91.jpg,1 ,5 ,1 ,0
168 ,데리야키 닭고기 구이,데리야키 닭고기 구이,https://recipe1.ezmember.co.kr/cache/recipe/2018/01/10/9ca4efb27a0f690a3f84413542aba07c1.jpg,3 ,30 ,2 ,0
169 ,옥수수치즈빵,모닝빵 속에 옥수수가 ★ 에어프라이어 옥수수치즈빵 ★,https://recipe1.ezmember.co.kr/cache/recipe/2019/08/05/55c148d9192197e255cd03a40fb1a7821.jpg,4 ,15 ,2 ,0
170 ,대패삼겹살 숙주볶음,대패삼겹살 숙주볶음 파채넣고 더 맛있게,https://recipe1.ezmember.co.kr/cache/recipe/2018/07/05/9b113fb8cbda5361c94baa84dfbb98d81.jpg,5 ,15 ,1 ,0
171 ,닭가슴살양배추말이,♥[신혼밥상] 닭가슴살양배추말이,https://recipe1.ezmember.co.kr/cache/recipe/2019/06/16/943ecafd5e928849983cb52d8273e5021.jpg,2 ,15 ,2 ,0
172 ,스팸덮밥,스팸덮밥 양파스팸덮밥 스팸간장덮밥,https://recipe1.ezmember.co.kr/cache/recipe/2022/08/12/77764945cae3e2602bd4b097600ddbe31.jpg,1 ,20 ,1 ,0
173 ,두부강정,"두부강정 만드는 법, 아이들이 좋아하는 반찬!!",https://recipe1.ezmember.co.kr/cache/recipe/2017/07/06/e36103ef9fcb3cddfeb601d24cd995fc1.jpg,2 ,30 ,2 ,0
174 ,비스켓,비스켓,https://recipe1.ezmember.co.kr/cache/recipe/2015/10/26/75824892ef186515cb9b99840f5117cc1.jpg,6 ,60 ,2 ,0
175 ,미역초샐러드,여름에 잘 어울리는 미역초샐러드! 와사비 넣어 더 상큼하게,https://recipe1.ezmember.co.kr/cache/recipe/2018/07/02/c266461ad4b7032df19bd38c25b9cd441.jpg,1 ,30 ,1 ,0
176 ,마늘 볶음,밥상 디톡스 브로콜리 마늘 볶음/해독 밥상/야채 마늘 볶음,https://recipe1.ezmember.co.kr/cache/recipe/2017/12/08/f0896ec6cdc3fb6c57d5786d00ee20301.jpg,3 ,10 ,2 ,0
177 ,참치까스,느끼함은 잠시 접어둔 담백한 참치까스,https://recipe1.ezmember.co.kr/cache/recipe/2015/06/25/81e5599ca50934c6bdf6b3ef7d0aaf65.jpg,2 ,60 ,2 ,0
178 ,굴소스카레볶은밥,굴소스카레볶은밥,https://recipe1.ezmember.co.kr/cache/recipe/2015/11/08/a83aa4ef0018c0b65505410770569e091.jpg,1 ,30 ,1 ,0
179 ,두부덮밥,"매콤한 두부덮밥, 눈 깜짝할 새 완성되는 초간단 덮밥요리",https://recipe1.ezmember.co.kr/cache/recipe/2018/06/12/4c62616ec005976375e1262e0831adb51.jpg,2 ,15 ,2 ,0
180 ,된장 참치 양배추롤,저칼로리 된장 참치 양배추롤 만들기 w. 한길식품,https://recipe1.ezmember.co.kr/cache/recipe/2018/04/13/99c90fd70d5491753df543c6a7ed56d91.jpg,3 ,60 ,2 ,0
181 ,만두강정,만두강정 소스까지 다 만들기 간단간식 맥주안주로 굿굿!,https://recipe1.ezmember.co.kr/cache/recipe/2017/11/28/50a3188ab277080733f21878c68ae62a1.jpg,2 ,15 ,1 ,0
182 ,진미채 버터구이,에어프라이어 진미채 버터구이 맛있게 만드는법,https://recipe1.ezmember.co.kr/cache/recipe/2020/08/05/2aa0915d9b51973e57d900ea687e035a1.jpg,2 ,5 ,1 ,0
183 ,교촌치킨,【교촌치킨 따라잡기】,https://recipe1.ezmember.co.kr/cache/recipe/2017/08/02/89d07fe9c35b84d6b1dc319a0c703be11.jpg,2 ,30 ,1 ,0
184 ,소고기 배춧국,소고기 배춧국 만들기 든든한 한끼로 제격!,https://recipe1.ezmember.co.kr/cache/recipe/2017/12/09/5afca45fec8ab0b245a561f1667ed2a51.jpg,3 ,30 ,1 ,0
185 ,닭가슴살 양배추 덮밥,초간단 요리 다이어트 레시피 닭가슴살 양배추 덮밥,https://recipe1.ezmember.co.kr/cache/recipe/2021/02/17/1d804e60564c1d8d56ee99926870c1c71.jpg,1 ,20 ,1 ,0
186 ,새송이버섯버터구이,짭조름하고 쫀득쫀득한 새송이버섯버터구이 만들기,https://recipe1.ezmember.co.kr/cache/recipe/2020/12/16/d8655939f66a86195e0a938e714475bf1.jpg,2 ,10 ,1 ,0
187 ,쪽파강회,예쁜 오징어요리 오징어 쪽파강회,https://recipe1.ezmember.co.kr/cache/recipe/2017/10/26/9bf4829c60f30e3fc0b8144d5c9b05d11.jpg,2 ,30 ,3 ,0
188 ,마늘 고추장 볶음,"달콤한 마늘 고추장 볶음, # 아주 간단한 밑반찬 #초스피드반찬",https://recipe1.ezmember.co.kr/cache/recipe/2022/07/09/8c6a7209670dc3e4442759d7c405b6e11.jpg,3 ,10 ,1 ,0
189 ,부추스팸덮밥,부추스팸덮밥. 냉장고 파먹기. 초간단덮밥요리. 혼밥요리.,https://recipe1.ezmember.co.kr/cache/recipe/2017/04/13/a307ea8aeb9216fb3aad8cb30a6e05211.jpg,1 ,15 ,1 ,0
190 ,목살 스테이크,[간단 자취요리] 손님 초대용! 저렴하지만 멋지게 한 상 차려보자! / 서가앤쿡 목살 스테이크 만들기,https://recipe1.ezmember.co.kr/cache/recipe/2016/11/18/38daef34c714b37333c0f13af2d2eb781.jpg,1 ,60 ,1 ,0
191 ,비엔나 소세지 감자조림,단짠의 조화! 아이들 반찬 !비엔나 소세지 감자조림!,https://recipe1.ezmember.co.kr/cache/recipe/2022/08/17/f3319de47aa86c044a6fe42e8a2303541.jpg,3 ,20 ,2 ,0
192 ,마늘쫑무침,마늘쫑무침 / 마늘쫑고추장무침 - 간단 반찬 만들기,https://recipe1.ezmember.co.kr/cache/recipe/2018/06/25/37386ee35d468574c03fea119de8ffc61.jpg,4 ,15 ,1 ,0
193 ,비빔당면,부산에서 먹던 탱글탱글 비빔당면,https://recipe1.ezmember.co.kr/cache/recipe/2016/07/22/c857fb66d3cd74b26faf8fc89092ab331.jpg,1 ,15 ,1 ,0
194 ,브로콜리 새우 볶음,브로콜리 새우 볶음,https://recipe1.ezmember.co.kr/cache/recipe/2019/02/11/c4c9886abe437d24a065dc8bbabe6a1c1.jpg,2 ,15 ,1 ,0
195 ,새우 필라프,"서가앤쿡에서 먹던 그 요리, '새우 필라프' 만들기 [NO 치킨스톡]",https://recipe1.ezmember.co.kr/cache/recipe/2019/11/20/984a604d200af717aeed1543d67f0aa71.jpg,2 ,30 ,2 ,0
196 ,맛살전,하트맛살전 사랑스러운 집들이 음식,https://recipe1.ezmember.co.kr/cache/recipe/2020/05/13/1ede23eb23b0c4d9f8673f836fce64841.jpg,2 ,30 ,2 ,0
197 ,비스켓,비스퀵 l 할아버지 버거집에서만 팔았던 KFC비스켓 ★,https://recipe1.ezmember.co.kr/cache/recipe/2019/11/18/291439f9ff5a579ac9e04e5ade09af981.jpg,3 ,60 ,2 ,0
198 ,호두비스킷,<호두비스킷> 재료가 딱 4가지~~너무 쉬운 베이킹~~^^,https://recipe1.ezmember.co.kr/cache/recipe/2015/06/09/ea5b81efaa11cf79bff6497f959f4e4e.jpg,2 ,60 ,1 ,0
199 ,계란덮밥,계란덮밥- 아이가 좋아하는 연두부와 달걀의 만남 부드러운 계란덮밥,https://recipe1.ezmember.co.kr/cache/recipe/2016/08/27/3e0153c5c8f8ca8d1cc234290f03474b1.jpg,2 ,15 ,1 ,0
200 ,오징어야채말이,오징어야채말이 만들기,https://recipe1.ezmember.co.kr/cache/recipe/2021/07/06/b7ee5b0a5c116337980ba990265a4fb11.jpg,3 ,30 ,2 ,0
201 ,파프리카 계란찜,"[핑거푸드] 다이어트에도 좋은 ""파프리카 계란찜""♪",https://recipe1.ezmember.co.kr/cache/recipe/2019/01/19/77d4cf5abc30d38cbd02da1ead39d1301.jpg,1 ,10 ,1 ,0
202 ,새우굴소스파스타,새우굴소스파스타,https://recipe1.ezmember.co.kr/cache/recipe/2018/06/09/c9cff4f20768f0ec00f2f7e8e6d9ab9c1.jpg,1 ,15 ,2 ,0
203 ,버섯당면볶음,원팬으로 10분이면 뚝딱!! 초간단 버섯당면볶음 입니다~^^,https://recipe1.ezmember.co.kr/cache/recipe/2020/04/08/cadca86dc0eba4b586a6b307dda2eee71.jpg,1 ,20 ,1 ,0
204 ,곤약조림,<찌망 레시피> 다이어트에 좋은 곤약조림 : ),https://recipe1.ezmember.co.kr/cache/recipe/2018/10/29/0dd4c2525a4585417e37cff57a7701d11.jpg,2 ,15 ,2 ,0
205 ,콘치즈 토스트,에어프라이어 콘치즈 토스트 만들기!중독성 강하네요!,https://recipe1.ezmember.co.kr/cache/recipe/2019/06/07/cd56011174e305838e5ed6b2da514a611.png,1 ,10 ,1 ,0
206 ,버터갈릭새우,혼밥도 즐겁게! 버터갈릭새우,https://recipe1.ezmember.co.kr/cache/recipe/2018/07/28/217a2c7c11470279c27a636d59aafd701.jpg,1 ,15 ,1 ,0
207 ,베이컨치즈 밥말이,베이컨치즈 밥말이,https://recipe1.ezmember.co.kr/cache/recipe/2018/04/19/538315d8c56b99cdde69c774fada64981.jpg,2 ,15 ,2 ,0
208 ,닭가슴살 부추냉채무침,"다이어트를 결심한 당신에게, “닭가슴살 부추냉채무침”",https://recipe1.ezmember.co.kr/cache/recipe/2016/01/06/9e764e8107a194b7f809eab156b5207e1.jpg,2 ,30 ,2 ,0
209 ,고추장황태채볶음,맛보장! < 고추장황태채볶음 >,https://recipe1.ezmember.co.kr/cache/recipe/2019/07/26/07c54b9d4dd0e27380aee86a40eabcef1.jpg,3 ,10 ,2 ,0
210 ,두부카레볶음밥,다이어트요리 두부카레볶음밥,https://recipe1.ezmember.co.kr/cache/recipe/2015/08/13/f9dfb2399701f22355b279e825ca7de31.jpg,2 ,15 ,1 ,0
211 ,닭가슴살 고구마 볶음,"당신의 다이어트를 책임져줄, 닭가슴살 고구마 볶음",https://recipe1.ezmember.co.kr/cache/recipe/2018/01/10/3c39ea976428eed6fbce95c82f6c69d11.png,2 ,60 ,2 ,0
212 ,배추 된장 무침,"배추 된장 무침, 간단 달달한 배추 고추장무침",https://recipe1.ezmember.co.kr/cache/recipe/2019/01/16/b339bb67980e8baa458ad3252ded29291.jpg,4 ,10 ,1 ,0
213 ,참치오이롤초밥,"여름엔 진리, ""참치오이롤초밥""♪",https://recipe1.ezmember.co.kr/cache/recipe/2015/08/16/84788060b17a8792d15230d6061004f91.jpg,1 ,30 ,1 ,0
214 ,풋고추 무침,아삭한 풋고추 무침 만들기,https://recipe1.ezmember.co.kr/cache/recipe/2017/10/24/413c939f1bb17ceb1f97cc44c72a5e7b1.jpg,2 ,10 ,1 ,0
215 ,김구이와 달래양념장,김구이와 달래양념장만있으면 밥한공기 뚝딱!,https://recipe1.ezmember.co.kr/cache/recipe/2016/01/26/9c3e3c07a2df8e88622b12d6822d7b421.jpg,4 ,15 ,1 ,0
216 ,닭냉채,톡!쏘는맛이 중독적인 닭냉채 만드는법,https://recipe1.ezmember.co.kr/cache/recipe/2019/03/25/6d24acd991f314c6ebf7bb4865eabf231.jpg,3 ,15 ,2 ,0
217 ,몬테크리스토,몬테크리스토,https://recipe1.ezmember.co.kr/cache/recipe/2015/10/01/9e11f564e9cff51ce97425f5635eff881.jpg,2 ,15 ,2 ,0
218 ,두부강정,"견과류 듬뿍 넣은 쫄깃,달콤함 ""두부강정""♪",https://recipe1.ezmember.co.kr/cache/recipe/2015/08/15/b1b34ddeaf42d645c99e72342cd750d11.jpg,2 ,15 ,2 ,0
219 ,닭안심감자조림,우리 집 최애 반찬 달콤 짭조름한 닭안심감자조림,https://recipe1.ezmember.co.kr/cache/recipe/2020/05/22/bb7719b695404279a500bcae8014dde01.jpg,2 ,60 ,2 ,0
220 ,콘치즈토스트,간단하지만 결코 후회없는 콘치즈토스트,https://recipe1.ezmember.co.kr/cache/recipe/2021/07/02/ed5d72408d0263bde30f5f11754991f11.jpg,2 ,20 ,1 ,0
221 ,시금치베이컨볶음,시금치베이컨볶음,https://recipe1.ezmember.co.kr/cache/recipe/2018/01/25/05b6b9d84cc52f1ffa34538f0751e41c1.jpg,1 ,30 ,1 ,0
222 ,치즈등갈비,주말 저녁을 빛내 준 백선생 치즈등갈비~,https://recipe1.ezmember.co.kr/cache/recipe/2017/08/07/2390c1037b9e7f857c2892ea56f9f0ee1.jpg,4 ,90 ,2 ,0
223 ,갈릭치킨,"갈릭치킨, 매력있는 맛일세~~",https://recipe1.ezmember.co.kr/cache/recipe/2016/08/22/7865f5f3d43c01bb0dc44e6732bf9cb41.jpg,3 ,15 ,1 ,0
224 ,소고기표고버섯덮밥,한숟갈 뜰 때마다 영양 듬뿍! 소고기표고버섯덮밥♥,https://recipe1.ezmember.co.kr/cache/recipe/2016/10/17/e552639482b295d27e271baaf24f212b1.png,2 ,30 ,1 ,0
225 ,브로콜리 당근 닭가슴살 스크램블,다이어트식단~브로콜리 당근 닭가슴살 스크램블!,https://recipe1.ezmember.co.kr/cache/recipe/2021/01/30/48622a51fccaf6985354ba63b13c930f1.jpg,2 ,10 ,1 ,0
226 ,파채,삼겹살과 찰떡 궁합 ; 파채 만들기,https://recipe1.ezmember.co.kr/cache/recipe/2018/10/20/c56315b520ea75b8ceda2decac155eee1.jpg,4 ,15 ,1 ,0
227 ,무볶음,무볶음 만들기,https://recipe1.ezmember.co.kr/cache/recipe/2021/01/26/bf9e787e1184da601ff0e739759c2c9c1.jpg,2 ,5 ,1 ,0
228 ,김 장아찌,김이 쫄깃쫄깃!? 얌무가 요즘 맨날 먹는 김 장아찌 만들기,https://recipe1.ezmember.co.kr/cache/recipe/2018/03/30/c4413503f9cedf8704f41fd4706a776c1.jpg,6 ,5 ,1 ,0
229 ,명란두부찌개,명란두부찌개 ~ 간단하고 국물의 시원함이 끝내줍니다,https://recipe1.ezmember.co.kr/cache/recipe/2020/07/03/a13eb720de006df8bc1097fbd99fe1a61.jpg,3 ,30 ,1 ,0
230 ,숙주버섯찌개,버섯찌개 - 숙주버섯찌개,https://recipe1.ezmember.co.kr/cache/recipe/2016/08/06/33f5c47032af8ce9168b592e2b67f0581.jpg,4 ,60 ,2 ,0
231 ,브로콜리무침,"참치섞은 브로콜리무침, 참깨마요소스 만드는 법",https://recipe1.ezmember.co.kr/cache/recipe/2021/10/18/47f66558465b0f5cac5453cbed7f52671.jpg,4 ,30 ,1 ,0
232 ,치즈감자호떡,여러가지 매력을 가진 치즈감자호떡,https://recipe1.ezmember.co.kr/cache/recipe/2020/10/29/89b11b0ce7f7e177f3f449546dc4edc11.jpg,2 ,30 ,2 ,0
233 ,차돌박이 참나물 샐러드,"차돌박이 참나물 샐러드 , 쉽고 간단하지만 폼나고 맛있다.",https://recipe1.ezmember.co.kr/cache/recipe/2016/01/08/6938ccddcb10feed15101404681889c01.jpg,4 ,15 ,1 ,0
234 ,크림브륄레,<노오븐> 톡톡 깨먹는 재미 달달한 크림브륄레 만들기!!!,https://recipe1.ezmember.co.kr/cache/recipe/2018/06/04/4d5b9a92d015e94714efcd31b3ea153e1.jpg,3 ,30 ,3 ,0
235 ,두부강정,"두부강정 ,두부반찬, 아이반찬",https://recipe1.ezmember.co.kr/cache/recipe/2017/12/27/18a87ab5ee7e4e1c6db949af8905e4451.jpg,2 ,10 ,1 ,0
236 ,꽁치 무 조림,통조림 꽁치 무 조림,https://recipe1.ezmember.co.kr/cache/recipe/2022/07/06/0bf0af358a992800cc5888f6154e37a01.jpg,2 ,60 ,1 ,0
237 ,감자 크래커,비건베이킹인데 너무 맛있는 감자 크래커!,https://recipe1.ezmember.co.kr/cache/recipe/2020/04/13/c00d47439f0dbbff7f88f57fb43fb02d1.jpg,5 ,60 ,1 ,0
238 ,깐풍만두,에어프라이어 깐풍만두 만들기,https://recipe1.ezmember.co.kr/cache/recipe/2019/03/05/883f73880b7bbee9ab612a8ad603636a1.jpg,2 ,60 ,1 ,0
239 ,크래미 달걀볶음,후다닥!!!두부 크래미 달걀볶음!,https://recipe1.ezmember.co.kr/cache/recipe/2018/11/19/244c0057f9afe10bf158d4e6a2de30911.jpg,4 ,15 ,1 ,0
240 ,바스크치즈케이크,"에어프라이어 베이킹, 바스크치즈케이크 오븐없이 간단히 만들기",https://recipe1.ezmember.co.kr/cache/recipe/2022/08/13/3d0b669777e54d683aeaccffd81088031.jpg,6 ,60 ,1 ,0
241 ,치즈 불닭,[간단 자취요리] 닭가슴살캔으로 치즈 불닭 만들기 / 혼술안주,https://recipe1.ezmember.co.kr/cache/recipe/2017/01/11/a593822ae8e7e1b1268cccf473202a2e1.jpg,1 ,30 ,1 ,0
242 ,배추찜,중국식 이연복 배추찜. 달큰한 매력에서 헤어나오지 못해요.,https://recipe1.ezmember.co.kr/cache/recipe/2019/01/16/b4e449c8f8cbb6b73dd920ec554deade1.jpg,2 ,30 ,1 ,0
243 ,버섯 들깨소스,버섯 들깨소스 무침,https://recipe1.ezmember.co.kr/cache/recipe/2015/09/03/f639c6a827d1d31b5cbfdad0884766d91.jpg,2 ,30 ,2 ,0
244 ,두부 청경채 볶음,"두부 청경채 볶음.(건강식, 다이어트식, 채소반찬)",https://recipe1.ezmember.co.kr/cache/recipe/2021/05/15/4a139e6320535c5e4bf6e6e9ff23ed111.jpg,2 ,10 ,1 ,0
245 ,두부볶음,두부고기 맛이 나는 두부볶음~~,https://recipe1.ezmember.co.kr/cache/recipe/2015/11/03/2edbb7fe192eb69f48c3c8ccbd8ca12c1.jpg,3 ,15 ,1 ,0
246 ,크림치즈머핀,크림치즈머핀 만들기 ~ 달콤함과 부드러움이 공존하는 고급진 크림치즈요리,https://recipe1.ezmember.co.kr/cache/recipe/2022/07/02/932066576f2945253dc134cb562c4cfd1.jpg,5 ,60 ,1 ,0
247 ,소고기볶음,"볶음밥, 주먹밥 어디든 잘 어울리는 '만능 소고기볶음'",https://recipe1.ezmember.co.kr/cache/recipe/2020/11/25/9fe62ad66a18fc8e986e749bf42704f01.jpg,2 ,20 ,1 ,0
248 ,닭 간장조림,야꿀의 요리 닭 간장조림 만들기(치킨보다 맛있는 닭 요리),https://recipe1.ezmember.co.kr/cache/recipe/2020/03/09/38031ad91864744830685fef4a1251811.jpg,2 ,30 ,2 ,0
249 ,계란 초,초 간단 계란 초,https://recipe1.ezmember.co.kr/cache/recipe/2017/06/26/d62fbae850e7ce54baaed8cde3ab50901.jpg,1 ,10 ,1 ,0
250 ,면두부 새우오일파스타,면두부 새우오일파스타 다이어트에도 좋아요,https://recipe1.ezmember.co.kr/cache/recipe/2020/08/12/8c8087677ac5f71ffb80fa9d4241c6c11.jpg,1 ,20 ,2 ,0
251 ,또띠아,무한도전 정준하또띠아 정또띠 만들기,https://recipe1.ezmember.co.kr/cache/recipe/2015/08/21/549d51f39b560872b14134f90a1854d51.jpg,1 ,15 ,1 ,0
252 ,파프리카 피자,밀가루 없는 건강한 다이어트 간식 '파프리카 피자'레시피,https://recipe1.ezmember.co.kr/cache/recipe/2018/08/21/ce7c72489a9560446769bd5071f271be1.jpg,2 ,15 ,1 ,0
253 ,매운팽이버섯,♥[신혼밥상]오독오독 매운팽이버섯,https://recipe1.ezmember.co.kr/cache/recipe/2022/04/25/9d17b995ff5c95f7760b56eaeb95caec1.jpg,2 ,10 ,1 ,0
254 ,새송이간장버터구이,냉장고에 새송이 하나쯤은 있쟈냐~! 새송이간장버터구이 ★,https://recipe1.ezmember.co.kr/cache/recipe/2019/09/18/f0f87da9414bf1e21687c51d01b83aba1.png,2 ,20 ,1 ,0
255 ,칠리새우,맥주와 환상궁합! 백종원 칠리새우 쉽게 만들기,https://recipe1.ezmember.co.kr/cache/recipe/2018/08/29/896d8b6287d80573a3b159c092b6d17b1.jpg,2 ,15 ,1 ,0
256 ,당근스프,펀스토랑 어남선생 당근스프,https://recipe1.ezmember.co.kr/cache/recipe/2022/06/06/b9d7472c2d81764aebaf2bb720a03ba81.jpg,2 ,30 ,1 ,0
257 ,간장 쏘야,짭조름 간장 쏘야,https://recipe1.ezmember.co.kr/cache/recipe/2019/05/16/4a738bac5898349956c493cb2daeca0c1.jpg,2 ,30 ,1 ,0
258 ,베이컨에그토스트,카페 부럽지 않은 '베이컨에그토스트'!식빵으로 쉽게 만들기!,https://recipe1.ezmember.co.kr/cache/recipe/2019/04/22/9146f627a14df9e2e83ab8395ad874741.jpg,1 ,10 ,1 ,0
259 ,참치 양념장,밥에 쓱싹 비벼 먹는 참치 양념장,https://recipe1.ezmember.co.kr/cache/recipe/2019/07/24/2760629affe8d7fa9a8419e898f07c3a1.jpg,1 ,15 ,1 ,0
260 ,고추장 수제비,얼큰 고추장 수제비 든든한 한끼,https://recipe1.ezmember.co.kr/cache/recipe/2022/08/23/76d106917de31df59795c781721c499c1.jpg,2 ,60 ,1 ,0
261 ,브로콜리 새우볶음,초간단 반찬 브로콜리 새우볶음 만들기,https://recipe1.ezmember.co.kr/cache/recipe/2020/12/17/bce8313c07bbc576d3c5afff0031f4681.jpg,3 ,15 ,1 ,0
262 ,새우젓 연두부달걀국,간단하게 속편한 국 끓이기! 새우젓 연두부달걀국,https://recipe1.ezmember.co.kr/cache/recipe/2018/05/23/c121d516dcbd93fa9b752b30e77e671d1.jpg,3 ,30 ,1 ,0
263 ,깻잎스팸전,초간단 밥도둑 반찬! '깻잎스팸전'황금 레시피,https://recipe1.ezmember.co.kr/cache/recipe/2019/04/02/228be375ebb5a85fd0bc2a7c4194314e1.jpg,2 ,10 ,1 ,0
264 ,허니갈릭 연어,허니갈릭 연어,https://recipe1.ezmember.co.kr/cache/recipe/2019/04/12/3b4c7f70f3c9509790df0718377f52ce1.jpg,2 ,30 ,2 ,0
265 ,초코크랙쿠키,촉촉하고 부드러운 초코크랙쿠키 만들기(+버터없이도 가능해요~!!),https://recipe1.ezmember.co.kr/cache/recipe/2019/02/20/e3d24da4b4be552f9364b3b8bed9b5931.jpg,6 ,30 ,1 ,0
266 ,고구마치즈전,고구마치즈전,https://recipe1.ezmember.co.kr/cache/recipe/2019/06/04/5cfeebac4e542442cf49a0887a9a3ae81.jpg,2 ,15 ,1 ,0
267 ,두부밥,다이어트 할 때 저탄고단 고소한 '두부밥',https://recipe1.ezmember.co.kr/cache/recipe/2020/12/27/60871bd5962c743cb5c81c290a3be8b61.jpg,1 ,10 ,1 ,0
268 ,숙주냉채,♥[신혼밥상] 여름철 별미 숙주냉채,https://recipe1.ezmember.co.kr/cache/recipe/2020/06/10/4b36f43bc09623354eab45c22e6bd1961.jpg,2 ,20 ,2 ,0
269 ,베이컨 양파덮밥,베이컨 양파덮밥,https://recipe1.ezmember.co.kr/cache/recipe/2019/01/05/9558f0331c87dce2e039100fdcf3c9611.jpg,1 ,15 ,1 ,0
270 ,햄 숙주볶음,햄 숙주볶음 : 초간단 밥반찬&술안주,https://recipe1.ezmember.co.kr/cache/recipe/2017/11/11/f3c9d700f1980e9bb193d0042a246eb31.jpg,2 ,15 ,1 ,0
271 ,두부들깨탕,아침에 후딱 끓여 낸 두부들깨탕,https://recipe1.ezmember.co.kr/cache/recipe/2018/10/10/e96796a3c9198c695bf7de48fea1490d1.jpg,5 ,30 ,2 ,0
272 ,무조림,생선 없이도 깊은 맛이 나는 '백종원 무조림' 레시피,https://recipe1.ezmember.co.kr/cache/recipe/2018/09/12/87c098dbfe15fd8a9e4e092ae98983291.jpg,2 ,30 ,1 ,0
273 ,오리고기 묵은지 말이,[오리고기 묵은지 말이]/오리고기를 넣어 묵은지 말이를 해 보았어요! 이렇게 만들어 먹으면 얼~마나 맛있게요!!,https://recipe1.ezmember.co.kr/cache/recipe/2021/08/17/2811b5801630d92455a570f634ff25381.jpg,4 ,30 ,1 ,0
274 ,두부튀김,일본 두부튀김 아게다시도후 홈파티음식,https://recipe1.ezmember.co.kr/cache/recipe/2018/02/06/5f6c172bfcf59ae08e1cce6b8ed6068a1.jpg,3 ,30 ,3 ,0
275 ,버터 스팸동,꼭 해드세요. 존맛임! 버터 스팸동 만들기,https://recipe1.ezmember.co.kr/cache/recipe/2018/03/30/da173e553e52b432c7ae39854c4256841.jpg,1 ,10 ,1 ,0
276 ,오이맛살마요무침,겨자 한 스푼으로 느끼함 잡아주는 오이맛살마요무침~,https://recipe1.ezmember.co.kr/cache/recipe/2017/04/24/16e0cf6b33c5bf65dc14c95e7b2c63cf1.jpg,2 ,15 ,1 ,0
277 ,옥수수참치전,옥수수참치전. 간단한 아이반찬,https://recipe1.ezmember.co.kr/cache/recipe/2017/08/20/d909a1586f1967596ec1593f047e99211.jpg,4 ,15 ,1 ,0
278 ,베이컨간장말이밥,베이컨간장말이밥,https://recipe1.ezmember.co.kr/cache/recipe/2015/07/24/84d5d9b55180b9d9877df2386c381591.jpg,2 ,30 ,2 ,0
279 ,카레버터새우볶음,새우 is 뭔들~ 카레버터새우볶음,https://recipe1.ezmember.co.kr/cache/recipe/2016/10/01/1ecfd9aa242318d78de1a782005fc0841.jpg,3 ,15 ,1 ,0
280 ,브로콜리들깨볶음,"브로콜리들깨볶음, 기분 좋은 고소한 맛",https://recipe1.ezmember.co.kr/cache/recipe/2018/03/25/284b43b3fcf3b8d5d6ddb7952f1240a91.jpg,3 ,30 ,2 ,0
281 ,들깨무국,깔끔고소한 아침국~~들깨무국,https://recipe1.ezmember.co.kr/cache/recipe/2019/07/11/e35399cd4afecaa53e194ef96b827a3a1.jpg,2 ,15 ,1 ,0
282 ,고르곤졸라 토스트,달콤 쫄깃 졸라토스트 만들기ㅣ모짜렐라 치즈로 고르곤졸라 토스트,https://recipe1.ezmember.co.kr/cache/recipe/2018/10/01/338340b9ad1f91013f07d7ba6527332e1.jpg,1 ,5 ,1 ,0
283 ,부타동,[간단 자취요리] 달달짭짤~ 부타동 만들기,https://recipe1.ezmember.co.kr/cache/recipe/2016/09/19/ccd5b964020db1249156d557a87fdd7d1.jpg,1 ,30 ,2 ,0
284 ,시금치돼지고기덮밥,시금치돼지고기덮밥 (카오팟무쌉),https://recipe1.ezmember.co.kr/cache/recipe/2021/04/25/91c8be916c7841e5476d91b069b646601.jpg,4 ,15 ,3 ,0
285 ,냉국,실패는없다!백종원 냉국레시피!,https://recipe1.ezmember.co.kr/cache/recipe/2018/09/30/16fc5e69d9c7624353361f4a65f4752a1.jpg,3 ,10 ,2 ,0
286 ,건강빵,다이어트 건강빵만들기! 노버터 노밀가루 홈베이킹,https://recipe1.ezmember.co.kr/cache/recipe/2021/03/30/41865015a5adeb75d560d2026f8349871.jpg,4 ,120 ,2 ,0
287 ,두부짜글이,다른반찬이 필요없는 두부짜글이로 밥한공기 뚝딱!,https://recipe1.ezmember.co.kr/cache/recipe/2019/04/12/db0fb535f6298cd76ded5a502874343a1.jpg,3 ,30 ,1 ,0
288 ,두부스테이크,담백한 두부스테이크 만들기!고기없이도 맛있는 다이어트 요리,https://recipe1.ezmember.co.kr/cache/recipe/2018/08/28/93692ef1c4086671d14840c630d69ac81.jpg,2 ,30 ,2 ,0
289 ,무청시래기나물,들깨가루 무청시래기나물,https://recipe1.ezmember.co.kr/cache/recipe/2022/01/29/ada84a01593d70c385419632f7e553da1.jpg,3 ,60 ,1 ,0
290 ,팽이버섯 들깨무침,불 없이 만드는 간단한 팽이버섯 들깨무침,https://recipe1.ezmember.co.kr/cache/recipe/2022/06/23/5347ad02a9cb636ae7710158d3f004ed1.jpg,2 ,10 ,1 ,0
291 ,곤약면 닭가슴살 숙주볶음,곤약면 닭가슴살 숙주볶음,https://recipe1.ezmember.co.kr/cache/recipe/2020/07/29/01ecaac64ca3198600892aba507ede021.jpg,1 ,20 ,1 ,0
292 ,가지 스테이크,가지볶음보다 맛있는 가지 스테이크 맛보면 멈출 수 없어요.,https://recipe1.ezmember.co.kr/cache/recipe/2021/08/09/24b85da64bc678c4cee2122611a667841.jpg,1 ,20 ,1 ,0
293 ,브로콜리참치전,브로콜리참치전,https://recipe1.ezmember.co.kr/cache/recipe/2018/03/20/a4d37a96f5a7ed13b4a1bdde57c679361.jpg,2 ,30 ,1 ,0
294 ,스팸 맛탕,맥주 안주 끝판왕. 대존맛 스팸 맛탕 만들기,https://recipe1.ezmember.co.kr/cache/recipe/2018/04/20/2898be7836dd17d297dcea32f20c2c5a1.jpg,1 ,5 ,1 ,0
295 ,감자베이컨치즈,감자베이컨치즈~전자렌지의 세계가 무한합니다^^♡,https://recipe1.ezmember.co.kr/cache/recipe/2018/09/12/e3a71664816ab7013023d580ab5dc3ab1.jpg,3 ,15 ,2 ,0
296 ,구운애호박 무침,구운애호박 무침,https://recipe1.ezmember.co.kr/cache/recipe/2015/08/03/2d7aa33f7b2bd720069fe8506808f9811.jpg,2 ,30 ,2 ,0
297 ,새송이 떡갈비,【돼지다짐육으로만든】새송이 떡갈비~,https://recipe1.ezmember.co.kr/cache/recipe/2018/04/12/cb4c630fdb3c5055c1b8846cc451bf8d1.jpg,2 ,30 ,1 ,0
298 ,꽈리고추찜,【초간단】전자렌지로 꽈리고추찜 만들기~,https://recipe1.ezmember.co.kr/cache/recipe/2018/04/17/e301f226e826e43a11e70a8f19cf8f3f1.jpg,2 ,10 ,1 ,0
299 ,오이무침,[아이반찬] 꼬들꼬들 식감이 좋은 맵지않은 오이무침,https://recipe1.ezmember.co.kr/cache/recipe/2019/12/13/0e8b18a2ebbe8cf34ae3a1fba7243b111.jpg,3 ,20 ,2 ,0
300 ,도시락반찬,간단한 도시락반찬,https://recipe1.ezmember.co.kr/cache/recipe/2018/05/25/7af3a10c0f77d79ca0f1abfa957d34ce1.jpg,1 ,30 ,1 ,0
301 ,누텔라 컵케익,누텔라 컵케익,https://recipe1.ezmember.co.kr/cache/recipe/2018/07/13/b813b4f3917f4c315c8c84f5963940931.jpg,1 ,10 ,1 ,0
302 ,두부오꼬노미야끼,두부오꼬노미야끼,https://recipe1.ezmember.co.kr/cache/recipe/2015/06/08/aaa32a881e54289e0800a156002448b8.jpg,2 ,30 ,2 ,0
303 ,호박덮밥,고기없어도 고기맛이 나는 호박덮밥 레시피:),https://recipe1.ezmember.co.kr/cache/recipe/2022/06/18/37c8dd5c6067dcb28e65c2e3914decb91.jpg,2 ,10 ,2 ,0
304 ,닭가슴살계란덮밥,닭가슴살계란덮밥 반찬없이도 맛있는 한그릇메뉴!,https://recipe1.ezmember.co.kr/cache/recipe/2015/10/03/d4ba5a817816688e34e4e5a4d6e3e38c1.jpg,2 ,30 ,2 ,0
305 ,카레두부구이,"아기 반찬, 카레두부구이 레시피!",https://recipe1.ezmember.co.kr/cache/recipe/2022/04/08/687f302599e62f882cc8318febb584311.jpg,2 ,15 ,1 ,0
306 ,스팸 토마토 덮밥,스팸 토마토 덮밥 만들기,https://recipe1.ezmember.co.kr/cache/recipe/2022/06/14/0b848fb3f0bb7557b8b72da10cdbf9ac1.jpg,1 ,20 ,1 ,0
307 ,베이컨덮밥,부타동 만큼이나 맛있는 초간단 베이컨덮밥,https://recipe1.ezmember.co.kr/cache/recipe/2020/05/30/86b6ff7d50b2818b7f2200a1dd896fdf1.jpg,1 ,15 ,2 ,0
308 ,된장배추무침,된장배추무침 간단나물반찬,https://recipe1.ezmember.co.kr/cache/recipe/2022/05/24/b8069fd1de597b3187d7476d6ab771091.jpg,3 ,5 ,1 ,0
309 ,두부김치계란탕,아침국으로...두부김치계란탕,https://recipe1.ezmember.co.kr/cache/recipe/2017/03/09/6e4ab9be6fcf497a229317b38ad4a95d1.jpg,2 ,30 ,1 ,0
310 ,하트소시지,"하트소시지, 하트비엔나 만들기",https://recipe1.ezmember.co.kr/cache/recipe/2017/03/20/776700ace31b33143807ceafcec46b391.jpg,4 ,30 ,1 ,0
311 ,버섯 새우덮밥,중화식 덮밥요리 탱글한 새우살이 씹히는 버섯 새우덮밥 만드는법 ! 초간단한 한그릇요리,https://recipe1.ezmember.co.kr/cache/recipe/2022/05/25/e646b9a8291a1e6a53d8abbd50c115fb1.jpg,1 ,15 ,1 ,0
312 ,돼지불백,돼지불백 만들기~ 기사식당 스타일 빠삭 돼지불백의 맛을 알려 드립니다!!,https://recipe1.ezmember.co.kr/cache/recipe/2020/10/14/8143683aadad508c8558a858ea44f4b71.jpg,3 ,30 ,1 ,0
313 ,갈릭치즈 토스트,치즈덕후 설레는 치즈폭발 '갈릭치즈 토스트'간식 만들기,https://recipe1.ezmember.co.kr/cache/recipe/2019/01/20/37853531cbd9afdba74372aa15f0df2a1.jpg,1 ,10 ,1 ,0
314 ,가지탕수,가지 맛있게 먹는 방법! 초대박 가지요리 레시피 가지탕수,https://recipe1.ezmember.co.kr/cache/recipe/2018/09/28/695c0779c438228658eb8c1d7440af581.jpg,1 ,60 ,3 ,0
315 ,두부 마요네즈,"10분이면 Ok, 칼로리 걱정 없는 두부 마요네즈 만들기!",https://recipe1.ezmember.co.kr/cache/recipe/2021/06/22/85f83261c11677a6ef600650c9677b7b1.jpg,6 ,10 ,1 ,0
316 ,누텔라잼쿠키,초간단!! 누텔라잼쿠키 만들기,https://recipe1.ezmember.co.kr/cache/recipe/2017/01/12/e0e229047b188d6e731985c98266378c1.jpg,2 ,60 ,1 ,0
317 ,닭가슴살완자,촉촉한 닭가슴살완자 만들기,https://recipe1.ezmember.co.kr/cache/recipe/2015/10/10/8a70652234bfab22831076ca9d8742b31.jpg,3 ,30 ,2 ,0
318 ,토스트,1분완성 핵꿀맛 간식 토스트!완전 강추드려요!,https://recipe1.ezmember.co.kr/cache/recipe/2018/09/07/444c85b7e11e62d31d142e64fd2b6d581.jpg,1 ,5 ,1 ,0
319 ,깐풍두부,깐풍기맛 나는 깐풍두부!,https://recipe1.ezmember.co.kr/cache/recipe/2020/11/12/9b92389633c738731e0b6a328540abfb1.jpg,2 ,10 ,1 ,0
